"frb","mjd","telescope","ra","dec","dm","status"
"FRB20200125A","58795.830818389","GBT","14:36:31.580","+07:42:06.84","179.47","Y"
"FRB20190614D","59715.150858229","VLA","04:20:18.13","+73:42:24.3","959.2","N"
"FRB191108","59525.166288219","Apertif","01:33:47","+31:51:30","588.1","Y"
"FRB190907.J08+46","85103.952888215","CHIME/FRB","08:09","+46:16","310.9","Y"
"FRB190711","29218.150858215","ASKAP","21:57:40.68","-80:21:28.8","593.1","Y"
"FRB190611","39415.577858219","ASKAP","21:22:58.91","-79:23:51.3","321.4","N"
"FRB190608","18523.119472583","ASKAP","22:16:04.75","-07:53:53.6","338.7","Y"
